nr,navn,fylke,pop,frie26,frie27,vekst,skatteindeks
1820,Alstahaug,Nordland,7542,643785035.0,669646770.0,4.04,88.787
5601,Alta,Finnmark,22156,2001470756.0,2109615930.0,5.367,86.39
3428,Alvdal,Innlandet,2489,245273400.0,252911338.0,3.133,85.529
4631,Alver,Vestland,30432,2536703093.0,2639890413.0,4.065,88.806
1871,Andøy,Nordland,4575,408789669.0,428511059.0,4.834,96.409
3124,Aremark,Østfold,1344,141551482.0,146615509.0,3.607,84.883
4203,Arendal,Agder,46639,3586378605.0,3752216999.0,4.621,85.117
3203,Asker,Akershus,101923,8195766840.0,8628709178.0,5.279,120.188
4645,Askvoll,Vestland,2905,290996405.0,302628789.0,4.012,95.109
4627,Askøy,Vestland,30695,2385618567.0,2491480215.0,4.434,85.568
1547,Aukra,Møre og Romsdal,3789,340263678.0,356219375.0,4.693,95.694
1576,Aure,Møre og Romsdal,3345,340241691.0,351815506.0,3.418,89.734
4641,Aurland,Vestland,1901,184816071.0,191564115.0,3.671,144.661
3226,Aurskog-Høland,Akershus,18571,1489275428.0,1565597892.0,5.122,79.179
4625,Austevoll,Vestland,5576,517123232.0,538727231.0,4.201,147.719
4632,Austrheim,Vestland,2948,277837612.0,290014737.0,4.409,111.305
1554,Averøy,Møre og Romsdal,6043,497779393.0,522671284.0,5.013,95.143
5532,Balsfjord,Troms,5640,526996598.0,549763745.0,4.326,80.348
4012,Bamble,Telemark,14287,1154437922.0,1207099858.0,4.559,89.142
5520,Bardu,Troms,3931,353410618.0,367047550.0,3.894,99.849
1839,Beiarn,Nordland,1019,130963034.0,134522763.0,2.711,81.006
4601,Bergen,Vestland,295010,22675730667.0,23781600493.0,4.874,106.705
5630,Berlevåg,Finnmark,866,120157598.0,123711205.0,3.051,86.851
1811,Bindal,Nordland,1374,152862733.0,160556988.0,4.768,88.135
4216,Birkenes,Agder,5450,474292559.0,494647234.0,4.289,71.604
1114,Bjerkreim,Rogaland,2902,256904118.0,266937853.0,3.903,92.657
4624,Bjørnafjorden,Vestland,26914,2141133813.0,2264794577.0,5.772,92.881
1804,Bodø,Nordland,53673,4192089580.0,4404447633.0,5.063,96.678
1145,Bokn,Rogaland,903,104553609.0,107801200.0,3.131,98.749
4648,Bremanger,Vestland,3378,342899147.0,354710005.0,3.455,102.036
1813,Brønnøy,Nordland,7850,683908883.0,712405708.0,4.182,87.812
4220,Bygland,Agder,1163,123705914.0,129380586.0,4.627,87.562
4222,Bykle,Agder,1051,125025256.0,132920881.0,6.317,207.872
5632,Båtsfjord,Finnmark,2080,225573004.0,234646558.0,4.193,84.7
3201,Bærum,Akershus,133715,11594867350.0,12192625675.0,5.153,154.901
1867,Bø,Nordland,2581,264517193.0,279546889.0,5.714,111.58
4613,Bømlo,Vestland,12551,1036537677.0,1079884233.0,4.201,95.34
3431,Dovre,Innlandet,2488,249548120.0,257118140.0,3.08,82.651
3301,Drammen,Buskerud,106377,8336067412.0,8730202084.0,4.725,89.614
4016,Drangedal,Telemark,4064,376700422.0,393426206.0,4.45,75.909
5528,Dyrøy,Troms,1059,132264436.0,138319296.0,4.589,83.43
1827,Dønna,Nordland,1445,160944919.0,169988447.0,5.612,101.554
4619,Eidfjord,Vestland,988,116359009.0,120288203.0,3.378,162.989
3416,Eidskog,Innlandet,6081,533004396.0,559113377.0,4.895,77.83
3240,Eidsvoll,Akershus,28845,2239526988.0,2347765772.0,4.811,78.865
1101,Eigersund,Rogaland,15638,1273097503.0,1340632876.0,5.302,104.501
3420,Elverum,Innlandet,22037,1742432896.0,1832330784.0,5.156,80.13
3220,Enebakk,Akershus,11717,902457678.0,944124510.0,4.614,83.9
3425,Engerdal,Innlandet,1290,148142442.0,152087761.0,2.684,73.202
4611,Etne,Vestland,4142,376184142.0,394888216.0,4.986,94.103
3450,Etnedal,Innlandet,1358,156136517.0,175236657.0,12.205,77.826
1853,Evenes,Nordland,1433,142477900.0,150714297.0,5.762,86.216
4219,"Evje og
Hornnes",Agder,3860,347042659.0,365085555.0,5.196,76.913
4206,Farsund,Agder,9915,826352195.0,869347507.0,5.2,85.267
1841,Fauske,Nordland,9715,799262032.0,835877211.0,4.578,85.903
4633,Fedje,Vestland,521,79236921.0,80641805.0,1.805,91.333
4615,Fitjar,Vestland,3271,288047922.0,300592046.0,4.378,96.226
4646,Fjaler,Vestland,2974,310625811.0,320693143.0,3.253,86.969
1578,Fjord,Møre og Romsdal,2711,274865865.0,290332111.0,3.281,89.667
1859,Flakstad,Nordland,1217,135061194.0,139826285.0,3.537,91.21
5049,Flatanger,Trøndelag,1088,129614166.0,134818360.0,4.025,97.092
4207,Flekkefjord,Agder,9372,809357427.0,844902341.0,4.389,89.249
3334,Flesberg,Buskerud,2792,256132985.0,267524513.0,4.444,92.668
3320,Flå,Buskerud,1126,126748698.0,134630836.0,6.23,107.256
3429,Folldal,Innlandet,1539,156987071.0,164551443.0,4.807,81.56
3107,Fredrikstad,Østfold,86450,6610773187.0,6954063175.0,5.19,82.492
3214,Frogn,Akershus,16518,1280624984.0,1340794348.0,4.695,112.81
4214,Froland,Agder,6297,520044275.0,544628549.0,4.724,81.019
5036,Frosta,Trøndelag,2678,246998629.0,258636532.0,4.741,77.36
5014,Frøya,Trøndelag,5814,573984220.0,605373925.0,5.481,224.497
4032,Fyresdal,Telemark,1267,134690528.0,138930745.0,3.16,90.689
3911,Færder,Vestfold,27805,2216191270.0,2321058580.0,4.729,95.741
5626,Gamvik,Finnmark,994,139549733.0,144659076.0,3.801,81.553
3441,Gausdal,Innlandet,6155,509669793.0,536527360.0,5.266,85.314
1838,Gildeskål,Nordland,2017,205771761.0,214464815.0,4.221,87.122
1532,Giske,Møre og Romsdal,8852,716562509.0,747769453.0,4.352,90.566
1557,Gjemnes,Møre og Romsdal,2769,243503167.0,259946984.0,6.765,81.294
3230,Gjerdrum,Akershus,7522,583639286.0,612319749.0,4.911,100.855
4211,Gjerstad,Agder,2508,234398976.0,244791803.0,4.452,72.351
1122,Gjesdal,Rogaland,12771,1034040973.0,1088720875.0,5.285,85.608
3407,Gjøvik,Innlandet,31389,2429020941.0,2544788334.0,4.763,84.149
4650,Gloppen,Vestland,6019,563920237.0,593367016.0,5.235,93.117
3324,Gol,Buskerud,4945,439510474.0,463763383.0,5.515,99.525
3446,Gran,Innlandet,13704,1101602920.0,1155460605.0,4.886,87.313
1825,Grane,Nordland,1408,154479497.0,160962375.0,4.215,86.66
5516,Gratangen,Troms,1077,126444728.0,130552387.0,3.268,83.161
4202,Grimstad,Agder,25658,1954062863.0,2056533632.0,5.241,84.899
5045,Grong,Trøndelag,2277,237589679.0,246615478.0,3.802,82.794
3417,Grue,Innlandet,4458,397115536.0,414771922.0,4.451,79.133
4635,Gulen,Vestland,2309,234187838.0,246673393.0,5.331,108.485
1866,Hadsel,Nordland,8382,730721376.0,759765409.0,4.011,94.334
3101,Halden,Østfold,32022,2533953025.0,2644371208.0,4.354,79.083
3403,Hamar,Innlandet,33938,2629222241.0,2767891664.0,5.271,90.286
1875,Hamarøy,Nordland,2805,296920934.0,306655062.0,3.293,93.42
5603,Hammerfest,Finnmark,11396,1118307637.0,1158976974.0,3.674,104.937
1580,Haram,Møre og Romsdal,9507,787593089.0,819336797.0,4.048,89.455
1517,Hareid,Møre og Romsdal,5354,458489257.0,484582583.0,5.688,84.033
5503,Harstad,Troms,25190,2119548529.0,2229789970.0,5.198,96.979
5616,Hasvik,Finnmark,969,135345319.0,138671508.0,2.544,78.218
1826,Hattfjelldal,Nordland,1249,145652708.0,151134053.0,3.763,77.148
1106,Haugesund,Rogaland,38672,3033659780.0,3191778065.0,5.209,104.392
5055,Heim,Trøndelag,6046,564757490.0,588778767.0,4.271,82.942
1832,Hemnes,Nordland,4492,424743943.0,439725994.0,3.546,92.199
3326,Hemsedal,Buskerud,2741,246138685.0,255972640.0,4.035,117.453
1515,Herøy,Møre og Romsdal,9011,744383313.0,777014240.0,4.408,103.988
1818,Herøy,Nordland,1877,192375235.0,201798177.0,4.9,84.465
5056,Hitra,Trøndelag,5626,488195852.0,513272095.0,5.153,87.528
4024,Hjartdal,Telemark,1630,162583461.0,168022605.0,3.363,94.494
1133,Hjelmeland,Rogaland,2609,262075219.0,271160080.0,3.5,120.09
3330,Hol,Buskerud,4583,403106446.0,422310218.0,4.79,129.299
3310,Hole,Buskerud,7231,586947655.0,618845790.0,5.431,104.962
3903,Holmestrand,Vestfold,27227,2110778117.0,2213947176.0,4.885,86.573
5026,Holtålen,Trøndelag,2036,196889886.0,206455868.0,4.87,73.894
3901,Horten,Vestfold,28068,2189598216.0,2293263082.0,4.731,84.982
3242,Hurdal,Akershus,3060,273325702.0,288834573.0,5.671,73.498
1579,Hustadvika,Møre og Romsdal,13620,1133670216.0,1194141226.0,5.345,85.74
3110,Hvaler,Østfold,4705,381167833.0,403254666.0,5.791,100.418
4637,Hyllestad,Vestland,1270,139843277.0,149632942.0,7.004,99.357
1119,Hå,Rogaland,20058,1599743213.0,1672465630.0,4.543,88.204
4226,Hægebostad,Agder,1783,187879225.0,196237557.0,4.463,88.782
4638,Høyanger,Vestland,3902,369196583.0,385095245.0,4.312,103.51
5046,Høylandet,Trøndelag,1218,145752620.0,149977022.0,2.901,76.161
5514,Ibestad,Troms,1287,146050366.0,154261867.0,5.603,90.364
5053,Inderøy,Trøndelag,7045,615981030.0,642295141.0,4.269,84.036
5054,"Indre
Fosen",Trøndelag,10011,870117137.0,911605031.0,4.781,75.15
3118,Indre Østfold,Østfold,48100,3846266198.0,4024131893.0,4.621,82.215
4218,Iveland,Agder,1385,155828565.0,160404367.0,2.977,71.041
3236,Jevnaker,Akershus,7047,570221235.0,598055815.0,4.878,79.531
5610,Karasjok,Finnmark,2519,267770813.0,276986909.0,3.446,78.321
5534,Karlsøy,Troms,2229,254755307.0,262749712.0,3.178,84.997
1149,Karmøy,Rogaland,43948,3404372740.0,3570700869.0,4.883,91.504
5612,Kautokeino,Finnmark,2903,312496498.0,325514990.0,4.163,67.855
4602,Kinn,Vestland,17289,1492642407.0,1551816235.0,3.985,95.947
1120,Klepp,Rogaland,21582,1676289172.0,1750370971.0,4.416,97.22
3303,Kongsberg,Buskerud,29179,2312483331.0,2418712034.0,4.591,110.082
3401,Kongsvinger,Innlandet,18251,1491119183.0,1555551766.0,4.318,82.469
4014,Kragerø,Telemark,10370,853654345.0,894404893.0,4.771,83.449
4204,Kristiansand,Agder,119729,9114516570.0,9612250605.0,5.458,83.088
1505,Kristiansund,Møre og Romsdal,24390,1920599139.0,2011402848.0,4.725,87.903
3318,Krødsherad,Buskerud,2275,226910357.0,234792384.0,3.502,107.557
4622,Kvam,Vestland,8502,750728499.0,780102625.0,3.91,93.9
4227,Kvinesdal,Agder,6215,554210555.0,575992412.0,3.943,91.136
4617,Kvinnherad,Vestland,13280,1118740275.0,1175326481.0,5.074,97.766
4028,Kviteseid,Telemark,2501,241156964.0,252258571.0,4.594,92.658
1144,Kvitsøy,Rogaland,578,80636344.0,82677739.0,2.592,96.947
5510,Kvæfjord,Troms,2900,291985914.0,301999301.0,3.444,78.606
5546,Kvænangen,Troms,1107,154449263.0,158451364.0,2.738,86.718
5540,Kåfjord,Troms,1917,215113582.0,221801435.0,3.118,81.451
3909,Larvik,Vestfold,48986,3887706719.0,4078012355.0,4.892,84.263
5518,Lavangen,Troms,1009,125923425.0,129696046.0,2.98,69.249
5624,Lebesby,Finnmark,1237,162994848.0,168596006.0,3.463,89.32
1822,Leirfjord,Nordland,2368,244049792.0,255530050.0,4.733,72.882
5052,Leka,Trøndelag,580,84493309.0,87272783.0,3.327,93.609
3432,Lesja,Innlandet,1954,197096515.0,203937571.0,3.489,85.387
5037,Levanger,Trøndelag,20754,1640703000.0,1721258059.0,4.907,83.845
3312,Lier,Buskerud,28919,2322101688.0,2432814331.0,4.765,105.65
5042,Lierne,Trøndelag,1303,159456699.0,163980328.0,2.849,79.596
3405,Lillehammer,Innlandet,29465,2295707228.0,2406144249.0,4.807,93.328
4215,Lillesand,Agder,11864,920073880.0,975523864.0,6.023,95.812
3205,Lillestrøm,Akershus,97244,7406359852.0,7798031757.0,5.285,95.554
4205,Lindesnes,Agder,23722,1941128678.0,2025439008.0,4.34,83.568
3434,Lom,Innlandet,2243,211684099.0,222505226.0,5.103,85.679
5614,Loppa,Finnmark,837,134484662.0,139557027.0,3.716,76.191
1112,Lund,Rogaland,3201,301949793.0,313562439.0,3.863,89.392
3234,Lunner,Akershus,9525,754064567.0,791855161.0,5.008,85.179
1834,Lurøy,Nordland,1952,287378686.0,297434721.0,3.504,197.679
4644,Luster,Vestland,5483,498033377.0,517294836.0,3.902,99.246
4225,Lyngdal,Agder,10931,943736961.0,996112344.0,5.547,76.05
5536,Lyngen,Troms,2703,302179748.0,314330768.0,4.005,83.627
4642,Lærdal,Vestland,2247,220631984.0,234453224.0,6.252,109.377
1851,Lødingen,Nordland,1983,214336679.0,221113552.0,3.167,81.594
3222,Lørenskog,Akershus,52235,3871446655.0,4134997083.0,6.804,96.507
3412,Løten,Innlandet,7924,643291906.0,670999676.0,4.304,73.566
5031,Malvik,Trøndelag,14983,1171201328.0,1226004355.0,4.676,91.751
3122,Marker,Østfold,3663,322369626.0,339860515.0,5.423,83.178
4634,Masfjorden,Vestland,1674,186082820.0,191993846.0,3.194,113.724
5028,Melhus,Trøndelag,17808,1424995897.0,1489449129.0,4.52,81.52
1837,Meløy,Nordland,6068,564778127.0,586557011.0,3.877,99.679
5034,Meråker,Trøndelag,2479,236940483.0,245482758.0,3.625,74.874
4020,Midt-Telemark,Telemark,11075,926668948.0,966863888.0,4.335,76.984
5027,"Midtre
Gauldal",Trøndelag,6093,566000789.0,587021868.0,3.738,76.03
4629,Modalen,Vestland,396,69496613.0,71366581.0,2.742,172.641
3316,Modum,Buskerud,14756,1212641553.0,1264429978.0,4.268,83.782
1506,Molde,Møre og Romsdal,33298,2730881692.0,2858824470.0,4.682,96.154
1874,Moskenes,Nordland,987,114773397.0,118321447.0,3.107,111.155
3103,Moss,Østfold,53178,4055023574.0,4275631766.0,5.437,87.401
5524,Målselv,Troms,6820,600222770.0,628785572.0,4.768,92.81
5618,Måsøy,Finnmark,1082,145696235.0,149490788.0,2.645,94.238
5007,Namsos,Trøndelag,15066,1338505798.0,1395462097.0,4.252,84.946
5044,Namsskogan,Trøndelag,807,115211680.0,117939013.0,2.392,112.399
3238,Nannestad,Akershus,16798,1287612180.0,1361539427.0,5.738,79.886
1806,Narvik,Nordland,21650,1819391270.0,1901585254.0,4.515,90.986
3228,Nes,Akershus,25008,1923404157.0,2020617149.0,5.051,83.029
3322,Nesbyen,Buskerud,3211,298588902.0,309153487.0,3.548,95.999
1828,Nesna,Nordland,1778,184901953.0,191720283.0,3.719,80.791
3212,Nesodden,Akershus,21140,1625828147.0,1706401039.0,4.953,98.453
5636,Nesseby,Finnmark,864,122183184.0,125521296.0,2.757,76.108
4030,Nissedal,Telemark,1513,159240391.0,164355287.0,3.228,93.43
3232,Nittedal,Akershus,26001,2065084135.0,2164986881.0,4.835,102.278
4018,Nome,Telemark,6516,549480553.0,577380733.0,5.074,82.901
3451,Nord-Aurdal,Innlandet,6407,550527910.0,586825831.0,6.59,85.861
3436,Nord-Fron,Innlandet,5571,503144690.0,522017183.0,3.789,91.348
3414,Nord-Odal,Innlandet,4999,421289494.0,441848907.0,4.877,78.706
5620,Nordkapp,Finnmark,2925,297985281.0,307719461.0,3.299,92.817
3207,"Nordre
Follo",Akershus,65640,5191486310.0,5457808420.0,5.127,106.448
3448,"Nordre
Land",Innlandet,6520,566720243.0,593518794.0,4.726,76.888
5544,Nordreisa,Troms,4826,432135394.0,448856269.0,3.904,82.846
3338,"Nore og
Uvdal",Buskerud,2458,244860081.0,253353703.0,3.484,113.415
4005,Notodden,Telemark,13313,1099214962.0,1144863428.0,4.15,84.723
5060,Nærøysund,Trøndelag,9924,900903621.0,936290472.0,4.011,88.519
5021,Oppdal,Trøndelag,7442,630362803.0,659409421.0,4.649,83.178
5059,Orkland,Trøndelag,18796,1568507859.0,1640730768.0,4.602,80.923
3430,Os,Innlandet,1886,187821667.0,195431792.0,4.098,82.828
5020,Osen,Trøndelag,910,109229565.0,115297020.0,5.592,85.499
0301,Oslo,Oslo,729454,56712276493.0,59706208964.0,5.255,130.848
4630,Osterøy,Vestland,8213,666375138.0,701986691.0,5.341,82.65
5047,Overhalla,Trøndelag,3913,362141778.0,375640244.0,3.755,81.583
5622,Porsanger,Finnmark,3895,375041568.0,388508458.0,3.627,90.262
4001,Porsgrunn,Telemark,37546,2894379048.0,3038340436.0,4.971,91.71
3120,Rakkestad,Østfold,8611,716958672.0,758325830.0,5.767,80.091
1833,Rana,Nordland,25797,2074694949.0,2166539399.0,4.424,89.791
1127,Randaberg,Rogaland,11806,953103692.0,1015439867.0,6.537,108.977
1539,Rauma,Møre og Romsdal,7210,629885196.0,660826014.0,4.928,91.047
3424,Rendalen,Innlandet,1842,192788678.0,200409728.0,3.967,79.753
5022,Rennebu,Trøndelag,2511,237883406.0,250463743.0,5.287,79.739
5061,Rindal,Trøndelag,1949,190127338.0,197210450.0,3.738,81.748
3439,Ringebu,Innlandet,4473,396511189.0,416559778.0,5.071,86.429
3305,Ringerike,Buskerud,32043,2490929391.0,2613406164.0,4.914,84.871
3411,Ringsaker,Innlandet,36303,2789507948.0,2939022922.0,5.357,82.226
4201,Risør,Agder,6665,575752943.0,603379243.0,4.795,83.578
3336,Rollag,Buskerud,1458,162247232.0,168184800.0,3.659,95.564
3112,Råde,Østfold,7912,646542558.0,673779558.0,4.21,88.065
3224,Rælingen,Akershus,20917,1615271694.0,1707479409.0,5.705,92.697
1836,Rødøy,Nordland,1129,148076431.0,152050092.0,2.712,88.985
5025,Røros,Trøndelag,5650,485671882.0,506481681.0,4.307,83.762
1856,Røst,Nordland,471,80687430.0,82376167.0,2.109,103.615
5043,Røyrvik,Trøndelag,444,72374808.0,76180212.0,5.271,85.773
5522,Salangen,Troms,2141,212936846.0,224654767.0,5.518,81.917
1840,Saltdal,Nordland,4805,441838024.0,460380582.0,4.229,78.954
4623,Samnanger,Vestland,2478,228200751.0,238745254.0,4.618,88.855
1514,Sande,Møre og Romsdal,2416,245302323.0,255907507.0,4.34,111.5
3907,Sandefjord,Vestfold,67305,5228203607.0,5483010000.0,4.871,87.863
1108,Sandnes,Rogaland,86197,6745898006.0,7050433121.0,4.511,102.217
3105,Sarpsborg,Østfold,60938,4850138203.0,5098714310.0,5.122,76.649
1135,Sauda,Rogaland,4592,409431491.0,424864834.0,3.785,96.545
3437,Sel,Innlandet,5550,512672572.0,533130588.0,3.995,72.767
5032,Selbu,Trøndelag,4261,376048446.0,390731429.0,3.929,80.757
4022,Seljord,Telemark,2981,278432325.0,291331710.0,4.653,87.763
5530,Senja,Troms,14952,1430751807.0,1482379500.0,3.627,90.132
3332,Sigdal,Buskerud,3515,319903864.0,335514250.0,4.908,93.142
4010,Siljan,Telemark,2380,216725908.0,227025692.0,4.749,82.029
4228,Sirdal,Agder,1914,202066458.0,209048772.0,3.454,155.216
5029,Skaun,Trøndelag,8583,690376488.0,722713944.0,4.681,79.066
4003,Skien,Telemark,57016,4451962186.0,4669306074.0,4.879,83.504
3116,Skiptvet,Østfold,3966,321735600.0,336740441.0,4.661,90.259
5542,Skjervøy,Troms,2782,297806474.0,307612116.0,3.312,81.252
3433,Skjåk,Innlandet,2191,207396942.0,218435172.0,5.311,94.189
1573,Smøla,Møre og Romsdal,2136,214481474.0,221375098.0,3.24,90.949
5041,Snåsa,Trøndelag,2117,216030964.0,229050687.0,6.021,73.378
4640,Sogndal,Vestland,12566,1077812374.0,1121696910.0,4.111,88.085
1111,Sokndal,Rogaland,3358,307740858.0,319695276.0,3.918,85.348
1124,Sola,Rogaland,29581,2388894227.0,2514384564.0,5.25,126.2
4636,Solund,Vestland,742,93084468.0,95793057.0,2.909,111.968
1870,Sortland,Nordland,10789,896345253.0,938037389.0,4.648,87.047
4649,Stad,Vestland,9671,842670965.0,883377428.0,4.859,86.859
3413,Stange,Innlandet,21876,1736233303.0,1815910614.0,4.586,80.77
1103,Stavanger,Rogaland,151765,12148469928.0,12799596448.0,5.357,127.296
1848,Steigen,Nordland,2686,266531584.0,278706185.0,4.574,86.346
5006,Steinkjer,Trøndelag,23964,2018320742.0,2103868063.0,4.235,78.298
5035,Stjørdal,Trøndelag,25176,1940899276.0,2027720359.0,4.47,81.148
3423,Stor-Elvdal,Innlandet,2222,220427316.0,228011708.0,3.446,75.817
4614,Stord,Vestland,19318,1607720716.0,1677758564.0,4.353,111.456
5538,Storfjord,Troms,1830,206673127.0,215753207.0,4.426,85.103
1130,Strand,Rogaland,14026,1121047204.0,1172149488.0,4.555,89.141
1525,Stranda,Møre og Romsdal,4153,385071751.0,392499965.0,3.631,97.066
4651,Stryn,Vestland,7341,634642232.0,659928937.0,4.008,89.51
1531,Sula,Møre og Romsdal,9823,807327980.0,840269781.0,4.077,82.395
1134,Suldal,Rogaland,3873,379994676.0,398978555.0,5.027,115.576
1563,Sunndal,Møre og Romsdal,7062,647421647.0,673051742.0,3.983,98.589
4647,Sunnfjord,Vestland,22837,1932825854.0,2022394461.0,4.654,93.436
1566,Surnadal,Møre og Romsdal,5977,522448088.0,549474982.0,5.196,81.577
4612,Sveio,Vestland,5803,491503572.0,510478068.0,3.857,88.224
1528,Sykkylven,Møre og Romsdal,7647,608489130.0,636079840.0,4.531,85.192
1812,Sømna,Nordland,2004,203306417.0,214592381.0,5.536,81.013
3447,"Søndre
Land",Innlandet,5605,475543999.0,501535400.0,5.463,71.3
3449,Sør-Aurdal,Innlandet,2831,282591142.0,293060641.0,3.68,84.816
3438,Sør-Fron,Innlandet,3095,285909319.0,297188155.0,3.959,87.111
3415,Sør-Odal,Innlandet,8165,642612974.0,670414638.0,4.323,81.544
5605,Sør-Varanger,Finnmark,9940,894444746.0,937904732.0,4.868,90.143
1845,Sørfold,Nordland,1814,202548550.0,208730998.0,3.08,103.44
5526,Sørreisa,Troms,3518,325147237.0,337270042.0,3.762,84.598
5628,Tana,Finnmark,2808,312966302.0,327376914.0,4.674,87.583
1121,Time,Rogaland,20608,1613019227.0,1686581138.0,4.557,98.62
1560,Tingvoll,Møre og Romsdal,3061,293262602.0,303759878.0,3.613,80.918
4026,Tinn,Telemark,5513,493348470.0,512694103.0,3.937,115.804
5512,Tjeldsund,Troms,4177,417911523.0,432605259.0,3.542,81.976
4034,Tokke,Telemark,2245,219257480.0,226949747.0,3.546,114.465
3426,Tolga,Innlandet,1612,169799211.0,176176605.0,3.802,73.695
5501,Tromsø,Troms,79934,6056799102.0,6405738812.0,5.758,98.63
5001,Trondheim,Trøndelag,218785,15783982289.0,16663354028.0,5.729,99.462
3421,Trysil,Innlandet,6472,565803354.0,592561738.0,4.747,85.362
1835,Træna,Nordland,456,78526772.0,80767594.0,2.879,90.183
4213,Tvedestrand,Agder,6475,545408511.0,567678251.0,4.08,76.302
5033,Tydal,Trøndelag,774,93541914.0,96143335.0,2.817,126.124
3427,Tynset,Innlandet,5776,504711432.0,527082790.0,4.437,80.687
4616,Tysnes,Vestland,3058,300658091.0,316171978.0,5.19,118.461
1146,Tysvær,Rogaland,11754,1030067884.0,1077412879.0,4.593,92.37
3905,Tønsberg,Vestfold,60407,4625191130.0,4870948097.0,5.31,92.221
3209,Ullensaker,Akershus,46456,3479905399.0,3674752908.0,5.608,86.345
4618,Ullensvang,Vestland,10913,1034762201.0,1073891465.0,3.798,114.346
1516,Ulstein,Møre og Romsdal,8931,741581994.0,780411172.0,5.233,103.472
4620,Ulvik,Vestland,1120,131228590.0,135732366.0,3.433,98.662
1151,Utsira,Rogaland,219,50552895.0,51610011.0,2.102,99.782
5607,Vadsø,Finnmark,5804,542205243.0,573413638.0,5.701,86.724
4628,Vaksdal,Vestland,3883,357606244.0,371019447.0,3.772,88.642
4221,Valle,Agder,1235,129318326.0,133655160.0,3.365,126.687
3454,Vang,Innlandet,1684,166944784.0,173295994.0,3.843,97.756
1511,Vanylven,Møre og Romsdal,3016,289183736.0,304526648.0,5.32,92.008
5634,Vardø,Finnmark,1945,217058193.0,225002029.0,3.771,77.197
1824,Vefsn,Nordland,13493,1139882355.0,1193072700.0,4.663,88.141
1815,Vega,Nordland,1213,134123681.0,138288192.0,3.116,79.699
4212,Vegårshei,Agder,2254,214953136.0,224412923.0,4.432,73.484
4223,Vennesla,Agder,15818,1243151902.0,1311611609.0,5.504,71.6
5038,Verdal,Trøndelag,15397,1228393421.0,1298036239.0,5.666,81.331
3216,Vestby,Akershus,20407,1565550562.0,1641946699.0,4.877,93.377
1535,Vestnes,Møre og Romsdal,7268,600618757.0,631898806.0,5.244,95.118
3452,"Vestre
Slidre",Innlandet,2206,202054868.0,212188235.0,5.009,94.715
3443,"Vestre
Toten",Innlandet,13585,1070407353.0,1117774503.0,4.422,80.228
1860,Vestvågøy,Nordland,11645,982581272.0,1024755719.0,4.318,86.386
1816,Vevelstad,Nordland,474,77529354.0,80294520.0,3.591,78.192
4639,Vik,Vestland,2532,247563735.0,256302986.0,3.563,101.528
1160,Vindafjord,Rogaland,9220,796812991.0,830380065.0,4.226,107.765
4036,Vinje,Telemark,3804,367018485.0,383890158.0,4.62,115.18
1577,Volda,Møre og Romsdal,10926,920111562.0,975733151.0,6.042,79.207
4621,Voss,Vestland,16490,1430923411.0,1498677754.0,4.732,92.688
1865,Vågan,Nordland,9929,832906904.0,867223625.0,4.14,91.598
3435,Vågå,Innlandet,3572,327961110.0,340843240.0,3.93,80.876
3114,Våler,Østfold,6245,508381575.0,529936409.0,4.237,81.264
3419,Våler,Innlandet,3841,329212969.0,344743693.0,4.697,74.794
1857,Værøy,Nordland,668,103194197.0,105614978.0,2.351,102.287
5058,Åfjord,Trøndelag,4393,430046127.0,450994738.0,4.896,84.022
3328,Ål,Buskerud,4871,440891980.0,460659592.0,4.522,98.31
1508,Ålesund,Møre og Romsdal,59796,4622634032.0,4852247124.0,4.964,99.135
4217,Åmli,Agder,1818,198464137.0,207127634.0,4.37,79.156
3422,Åmot,Innlandet,4201,362117306.0,378487594.0,4.535,87.822
4643,Årdal,Vestland,5128,490911014.0,513996028.0,4.713,108.015
3218,Ås,Akershus,22688,1675104956.0,1783581392.0,6.473,90.396
4224,Åseral,Agder,896,108300598.0,111780306.0,3.265,135.283
3418,Åsnes,Innlandet,7196,626090475.0,659256362.0,5.324,78.008
1868,Øksnes,Nordland,4635,411666890.0,429544182.0,4.373,88.51
5057,Ørland,Trøndelag,10719,918722988.0,961277194.0,4.659,86.737
1520,Ørsta,Møre og Romsdal,11070,907180067.0,944622485.0,4.124,86.172
3442,"Østre
Toten",Innlandet,14917,1183286915.0,1242820971.0,5.028,83.048
3314,Øvre Eiker,Buskerud,21046,1656572751.0,1729407444.0,4.394,91.02
3440,Øyer,Innlandet,5121,450329869.0,468134099.0,3.951,90.939
4626,Øygarden,Vestland,40806,3180488584.0,3322113123.0,4.45,94.69
3453,"Øystre
Slidre",Innlandet,3351,300683278.0,314300024.0,4.552,95.412
